stage,case,dataset,metadata,normalization,bc_checkpoint,synthetic_replay,policy_checkpoints,policy_labels,output_json,output_md,split,quality_filter,num_real,num_synthetic,adv_temperature,weight_clip,seed,notes
flow_mbpo_h1_awr_diagnostics_20260604,strongest_exact_h1_seed0,scripts/outputs/mjlab_qs/windows/rerun_a25_native_qs_g1stage4_expertboost_20260527/velocity_flat_unitree_g1/d_qs_core_h16.pt,scripts/outputs/mjlab_qs/windows/rerun_a25_native_qs_g1stage4_expertboost_20260527/velocity_flat_unitree_g1/d_qs_core_h16.json,scripts/outputs/mjlab_qs/windows/rerun_a25_native_qs_g1stage4_expertboost_20260527/velocity_flat_unitree_g1/d_qs_core_h16_normalization.json,scripts/outputs/mjlab_qs/policy_extraction/rerun_g1_bc_expert_uniform_mlp50k_20260528/velocity_flat_unitree_g1/mlp_ref/mlp/offline/bc50k_expert_uniform_policy0k/seed_0/final_policy_extraction.pt,scripts/outputs/mjlab_qs/flow_mbpo_v0_replay/flow_endpoint_ensemble_seed0_h1_unc0p5_q0p90/synthetic_replay.pt,scripts/outputs/mjlab_qs/flow_mbpo_v0_awr/flow_endpoint_seed0_h1_unc0p5_q0p90_cons_r224_s32_anchor1_iter500_s0/final_policy_extraction.pt|scripts/outputs/mjlab_qs/flow_mbpo_v0_awr/flow_endpoint_seed0_h1_unc0p5_q0p90_cons_r224_s32_anchor1_iter500_s0/best_policy_extraction.pt,strongest_final|strongest_best_real_eval,scripts/outputs/mjlab_qs/flow_mbpo_h1_awr_diagnostics_20260604/h100/strongest_exact_h1_seed0/diagnostics.json,scripts/outputs/mjlab_qs/flow_mbpo_h1_awr_diagnostics_20260604/h100/strongest_exact_h1_seed0/diagnostics.md,train,"expert,expert_noisy",8192,4096,1.0,20.0,0,Action drift and BC-error diagnostics for the historical strongest exact-H1 AWR run.
flow_mbpo_h1_awr_diagnostics_20260604,fix1_r224_s32_anchor1_iter500_s0,scripts/outputs/mjlab_qs/windows/rerun_a25_native_qs_g1stage4_expertboost_20260527/velocity_flat_unitree_g1/d_qs_core_h16.pt,scripts/outputs/mjlab_qs/windows/rerun_a25_native_qs_g1stage4_expertboost_20260527/velocity_flat_unitree_g1/d_qs_core_h16.json,scripts/outputs/mjlab_qs/windows/rerun_a25_native_qs_g1stage4_expertboost_20260527/velocity_flat_unitree_g1/d_qs_core_h16_normalization.json,scripts/outputs/mjlab_qs/policy_extraction/rerun_g1_bc_expert_uniform_mlp50k_20260528/velocity_flat_unitree_g1/mlp_ref/mlp/offline/bc50k_expert_uniform_policy0k/seed_0/final_policy_extraction.pt,scripts/outputs/mjlab_qs/flow_mbpo_v0_replay/flow_endpoint_ensemble_seed0_h1_unc0p5_q0p90_truncate_check/synthetic_replay.pt,scripts/outputs/mjlab_qs/flow_mbpo_endpoint_h1_multiseed_ablation_fix1_20260604/h200/endpoint_h1_r224_s32_anchor1_iter500_s0/real_eval_snapshots/iter_000250_policy_extraction.pt|scripts/outputs/mjlab_qs/flow_mbpo_endpoint_h1_multiseed_ablation_fix1_20260604/h200/endpoint_h1_r224_s32_anchor1_iter500_s0/real_eval_snapshots/iter_000500_policy_extraction.pt|scripts/outputs/mjlab_qs/flow_mbpo_endpoint_h1_multiseed_ablation_fix1_20260604/h200/endpoint_h1_r224_s32_anchor1_iter500_s0/final_policy_extraction.pt|scripts/outputs/mjlab_qs/flow_mbpo_endpoint_h1_multiseed_ablation_fix1_20260604/h200/endpoint_h1_r224_s32_anchor1_iter500_s0/best_policy_extraction.pt,iter250|iter500|final|best_real_eval,scripts/outputs/mjlab_qs/flow_mbpo_h1_awr_diagnostics_20260604/h100/fix1_r224_s32_anchor1_iter500_s0/diagnostics.json,scripts/outputs/mjlab_qs/flow_mbpo_h1_awr_diagnostics_20260604/h100/fix1_r224_s32_anchor1_iter500_s0/diagnostics.md,train,"expert,expert_noisy",8192,4096,1.0,20.0,0,Action drift and BC-error diagnostics for completed fix1 H1 AWR run.
flow_mbpo_h1_awr_diagnostics_20260604,fix1_r192_s64_anchor1_iter500_s0,scripts/outputs/mjlab_qs/windows/rerun_a25_native_qs_g1stage4_expertboost_20260527/velocity_flat_unitree_g1/d_qs_core_h16.pt,scripts/outputs/mjlab_qs/windows/rerun_a25_native_qs_g1stage4_expertboost_20260527/velocity_flat_unitree_g1/d_qs_core_h16.json,scripts/outputs/mjlab_qs/windows/rerun_a25_native_qs_g1stage4_expertboost_20260527/velocity_flat_unitree_g1/d_qs_core_h16_normalization.json,scripts/outputs/mjlab_qs/policy_extraction/rerun_g1_bc_expert_uniform_mlp50k_20260528/velocity_flat_unitree_g1/mlp_ref/mlp/offline/bc50k_expert_uniform_policy0k/seed_0/final_policy_extraction.pt,scripts/outputs/mjlab_qs/flow_mbpo_v0_replay/flow_endpoint_ensemble_seed0_h1_unc0p5_q0p90_truncate_check/synthetic_replay.pt,scripts/outputs/mjlab_qs/flow_mbpo_endpoint_h1_multiseed_ablation_fix1_20260604/h200/endpoint_h1_r192_s64_anchor1_iter500_s0/real_eval_snapshots/iter_000250_policy_extraction.pt|scripts/outputs/mjlab_qs/flow_mbpo_endpoint_h1_multiseed_ablation_fix1_20260604/h200/endpoint_h1_r192_s64_anchor1_iter500_s0/real_eval_snapshots/iter_000500_policy_extraction.pt|scripts/outputs/mjlab_qs/flow_mbpo_endpoint_h1_multiseed_ablation_fix1_20260604/h200/endpoint_h1_r192_s64_anchor1_iter500_s0/final_policy_extraction.pt|scripts/outputs/mjlab_qs/flow_mbpo_endpoint_h1_multiseed_ablation_fix1_20260604/h200/endpoint_h1_r192_s64_anchor1_iter500_s0/best_policy_extraction.pt,iter250|iter500|final|best_real_eval,scripts/outputs/mjlab_qs/flow_mbpo_h1_awr_diagnostics_20260604/h100/fix1_r192_s64_anchor1_iter500_s0/diagnostics.json,scripts/outputs/mjlab_qs/flow_mbpo_h1_awr_diagnostics_20260604/h100/fix1_r192_s64_anchor1_iter500_s0/diagnostics.md,train,"expert,expert_noisy",8192,4096,1.0,20.0,0,Action drift and BC-error diagnostics for completed fix1 H1 AWR run.
flow_mbpo_h1_awr_diagnostics_20260604,fix1_r248_s8_anchor1_iter500_s0,scripts/outputs/mjlab_qs/windows/rerun_a25_native_qs_g1stage4_expertboost_20260527/velocity_flat_unitree_g1/d_qs_core_h16.pt,scripts/outputs/mjlab_qs/windows/rerun_a25_native_qs_g1stage4_expertboost_20260527/velocity_flat_unitree_g1/d_qs_core_h16.json,scripts/outputs/mjlab_qs/windows/rerun_a25_native_qs_g1stage4_expertboost_20260527/velocity_flat_unitree_g1/d_qs_core_h16_normalization.json,scripts/outputs/mjlab_qs/policy_extraction/rerun_g1_bc_expert_uniform_mlp50k_20260528/velocity_flat_unitree_g1/mlp_ref/mlp/offline/bc50k_expert_uniform_policy0k/seed_0/final_policy_extraction.pt,scripts/outputs/mjlab_qs/flow_mbpo_v0_replay/flow_endpoint_ensemble_seed0_h1_unc0p5_q0p90_truncate_check/synthetic_replay.pt,scripts/outputs/mjlab_qs/flow_mbpo_endpoint_h1_multiseed_ablation_fix1_20260604/h200/endpoint_h1_r248_s8_anchor1_iter500_s0/real_eval_snapshots/iter_000250_policy_extraction.pt|scripts/outputs/mjlab_qs/flow_mbpo_endpoint_h1_multiseed_ablation_fix1_20260604/h200/endpoint_h1_r248_s8_anchor1_iter500_s0/real_eval_snapshots/iter_000500_policy_extraction.pt|scripts/outputs/mjlab_qs/flow_mbpo_endpoint_h1_multiseed_ablation_fix1_20260604/h200/endpoint_h1_r248_s8_anchor1_iter500_s0/final_policy_extraction.pt|scripts/outputs/mjlab_qs/flow_mbpo_endpoint_h1_multiseed_ablation_fix1_20260604/h200/endpoint_h1_r248_s8_anchor1_iter500_s0/best_policy_extraction.pt,iter250|iter500|final|best_real_eval,scripts/outputs/mjlab_qs/flow_mbpo_h1_awr_diagnostics_20260604/h100/fix1_r248_s8_anchor1_iter500_s0/diagnostics.json,scripts/outputs/mjlab_qs/flow_mbpo_h1_awr_diagnostics_20260604/h100/fix1_r248_s8_anchor1_iter500_s0/diagnostics.md,train,"expert,expert_noisy",8192,4096,1.0,20.0,0,Action drift and BC-error diagnostics for completed fix1 H1 AWR run.
flow_mbpo_h1_awr_diagnostics_20260604,fix1_r224_s32_anchor1_iter500_s1,scripts/outputs/mjlab_qs/windows/rerun_a25_native_qs_g1stage4_expertboost_20260527/velocity_flat_unitree_g1/d_qs_core_h16.pt,scripts/outputs/mjlab_qs/windows/rerun_a25_native_qs_g1stage4_expertboost_20260527/velocity_flat_unitree_g1/d_qs_core_h16.json,scripts/outputs/mjlab_qs/windows/rerun_a25_native_qs_g1stage4_expertboost_20260527/velocity_flat_unitree_g1/d_qs_core_h16_normalization.json,scripts/outputs/mjlab_qs/policy_extraction/rerun_g1_bc_expert_uniform_mlp50k_20260528/velocity_flat_unitree_g1/mlp_ref/mlp/offline/bc50k_expert_uniform_policy0k/seed_1/final_policy_extraction.pt,scripts/outputs/mjlab_qs/flow_mbpo_v0_replay/flow_endpoint_ensemble_seed0_h1_unc0p5_q0p90_truncate_check/synthetic_replay.pt,scripts/outputs/mjlab_qs/flow_mbpo_endpoint_h1_multiseed_ablation_fix1_20260604/h200/endpoint_h1_r224_s32_anchor1_iter500_s1/real_eval_snapshots/iter_000250_policy_extraction.pt|scripts/outputs/mjlab_qs/flow_mbpo_endpoint_h1_multiseed_ablation_fix1_20260604/h200/endpoint_h1_r224_s32_anchor1_iter500_s1/real_eval_snapshots/iter_000500_policy_extraction.pt|scripts/outputs/mjlab_qs/flow_mbpo_endpoint_h1_multiseed_ablation_fix1_20260604/h200/endpoint_h1_r224_s32_anchor1_iter500_s1/final_policy_extraction.pt|scripts/outputs/mjlab_qs/flow_mbpo_endpoint_h1_multiseed_ablation_fix1_20260604/h200/endpoint_h1_r224_s32_anchor1_iter500_s1/best_policy_extraction.pt,iter250|iter500|final|best_real_eval,scripts/outputs/mjlab_qs/flow_mbpo_h1_awr_diagnostics_20260604/h100/fix1_r224_s32_anchor1_iter500_s1/diagnostics.json,scripts/outputs/mjlab_qs/flow_mbpo_h1_awr_diagnostics_20260604/h100/fix1_r224_s32_anchor1_iter500_s1/diagnostics.md,train,"expert,expert_noisy",8192,4096,1.0,20.0,1,Action drift and BC-error diagnostics for completed fix1 H1 AWR run.
flow_mbpo_h1_awr_diagnostics_20260604,fix1_r192_s64_anchor1_iter500_s1,scripts/outputs/mjlab_qs/windows/rerun_a25_native_qs_g1stage4_expertboost_20260527/velocity_flat_unitree_g1/d_qs_core_h16.pt,scripts/outputs/mjlab_qs/windows/rerun_a25_native_qs_g1stage4_expertboost_20260527/velocity_flat_unitree_g1/d_qs_core_h16.json,scripts/outputs/mjlab_qs/windows/rerun_a25_native_qs_g1stage4_expertboost_20260527/velocity_flat_unitree_g1/d_qs_core_h16_normalization.json,scripts/outputs/mjlab_qs/policy_extraction/rerun_g1_bc_expert_uniform_mlp50k_20260528/velocity_flat_unitree_g1/mlp_ref/mlp/offline/bc50k_expert_uniform_policy0k/seed_1/final_policy_extraction.pt,scripts/outputs/mjlab_qs/flow_mbpo_v0_replay/flow_endpoint_ensemble_seed0_h1_unc0p5_q0p90_truncate_check/synthetic_replay.pt,scripts/outputs/mjlab_qs/flow_mbpo_endpoint_h1_multiseed_ablation_fix1_20260604/h200/endpoint_h1_r192_s64_anchor1_iter500_s1/real_eval_snapshots/iter_000250_policy_extraction.pt|scripts/outputs/mjlab_qs/flow_mbpo_endpoint_h1_multiseed_ablation_fix1_20260604/h200/endpoint_h1_r192_s64_anchor1_iter500_s1/real_eval_snapshots/iter_000500_policy_extraction.pt|scripts/outputs/mjlab_qs/flow_mbpo_endpoint_h1_multiseed_ablation_fix1_20260604/h200/endpoint_h1_r192_s64_anchor1_iter500_s1/final_policy_extraction.pt|scripts/outputs/mjlab_qs/flow_mbpo_endpoint_h1_multiseed_ablation_fix1_20260604/h200/endpoint_h1_r192_s64_anchor1_iter500_s1/best_policy_extraction.pt,iter250|iter500|final|best_real_eval,scripts/outputs/mjlab_qs/flow_mbpo_h1_awr_diagnostics_20260604/h100/fix1_r192_s64_anchor1_iter500_s1/diagnostics.json,scripts/outputs/mjlab_qs/flow_mbpo_h1_awr_diagnostics_20260604/h100/fix1_r192_s64_anchor1_iter500_s1/diagnostics.md,train,"expert,expert_noisy",8192,4096,1.0,20.0,1,Action drift and BC-error diagnostics for completed fix1 H1 AWR run.
flow_mbpo_h1_awr_diagnostics_20260604,fix1_r248_s8_anchor1_iter500_s1,scripts/outputs/mjlab_qs/windows/rerun_a25_native_qs_g1stage4_expertboost_20260527/velocity_flat_unitree_g1/d_qs_core_h16.pt,scripts/outputs/mjlab_qs/windows/rerun_a25_native_qs_g1stage4_expertboost_20260527/velocity_flat_unitree_g1/d_qs_core_h16.json,scripts/outputs/mjlab_qs/windows/rerun_a25_native_qs_g1stage4_expertboost_20260527/velocity_flat_unitree_g1/d_qs_core_h16_normalization.json,scripts/outputs/mjlab_qs/policy_extraction/rerun_g1_bc_expert_uniform_mlp50k_20260528/velocity_flat_unitree_g1/mlp_ref/mlp/offline/bc50k_expert_uniform_policy0k/seed_1/final_policy_extraction.pt,scripts/outputs/mjlab_qs/flow_mbpo_v0_replay/flow_endpoint_ensemble_seed0_h1_unc0p5_q0p90_truncate_check/synthetic_replay.pt,scripts/outputs/mjlab_qs/flow_mbpo_endpoint_h1_multiseed_ablation_fix1_20260604/h200/endpoint_h1_r248_s8_anchor1_iter500_s1/real_eval_snapshots/iter_000250_policy_extraction.pt|scripts/outputs/mjlab_qs/flow_mbpo_endpoint_h1_multiseed_ablation_fix1_20260604/h200/endpoint_h1_r248_s8_anchor1_iter500_s1/real_eval_snapshots/iter_000500_policy_extraction.pt|scripts/outputs/mjlab_qs/flow_mbpo_endpoint_h1_multiseed_ablation_fix1_20260604/h200/endpoint_h1_r248_s8_anchor1_iter500_s1/final_policy_extraction.pt|scripts/outputs/mjlab_qs/flow_mbpo_endpoint_h1_multiseed_ablation_fix1_20260604/h200/endpoint_h1_r248_s8_anchor1_iter500_s1/best_policy_extraction.pt,iter250|iter500|final|best_real_eval,scripts/outputs/mjlab_qs/flow_mbpo_h1_awr_diagnostics_20260604/h100/fix1_r248_s8_anchor1_iter500_s1/diagnostics.json,scripts/outputs/mjlab_qs/flow_mbpo_h1_awr_diagnostics_20260604/h100/fix1_r248_s8_anchor1_iter500_s1/diagnostics.md,train,"expert,expert_noisy",8192,4096,1.0,20.0,1,Action drift and BC-error diagnostics for completed fix1 H1 AWR run.
flow_mbpo_h1_awr_diagnostics_20260604,fix1_r224_s32_anchor1_iter500_s2,scripts/outputs/mjlab_qs/windows/rerun_a25_native_qs_g1stage4_expertboost_20260527/velocity_flat_unitree_g1/d_qs_core_h16.pt,scripts/outputs/mjlab_qs/windows/rerun_a25_native_qs_g1stage4_expertboost_20260527/velocity_flat_unitree_g1/d_qs_core_h16.json,scripts/outputs/mjlab_qs/windows/rerun_a25_native_qs_g1stage4_expertboost_20260527/velocity_flat_unitree_g1/d_qs_core_h16_normalization.json,scripts/outputs/mjlab_qs/policy_extraction/rerun_g1_bc_expert_uniform_mlp50k_20260528/velocity_flat_unitree_g1/mlp_ref/mlp/offline/bc50k_expert_uniform_policy0k/seed_2/final_policy_extraction.pt,scripts/outputs/mjlab_qs/flow_mbpo_v0_replay/flow_endpoint_ensemble_seed0_h1_unc0p5_q0p90_truncate_check/synthetic_replay.pt,scripts/outputs/mjlab_qs/flow_mbpo_endpoint_h1_multiseed_ablation_fix1_20260604/h200/endpoint_h1_r224_s32_anchor1_iter500_s2/real_eval_snapshots/iter_000250_policy_extraction.pt|scripts/outputs/mjlab_qs/flow_mbpo_endpoint_h1_multiseed_ablation_fix1_20260604/h200/endpoint_h1_r224_s32_anchor1_iter500_s2/real_eval_snapshots/iter_000500_policy_extraction.pt|scripts/outputs/mjlab_qs/flow_mbpo_endpoint_h1_multiseed_ablation_fix1_20260604/h200/endpoint_h1_r224_s32_anchor1_iter500_s2/final_policy_extraction.pt|scripts/outputs/mjlab_qs/flow_mbpo_endpoint_h1_multiseed_ablation_fix1_20260604/h200/endpoint_h1_r224_s32_anchor1_iter500_s2/best_policy_extraction.pt,iter250|iter500|final|best_real_eval,scripts/outputs/mjlab_qs/flow_mbpo_h1_awr_diagnostics_20260604/h100/fix1_r224_s32_anchor1_iter500_s2/diagnostics.json,scripts/outputs/mjlab_qs/flow_mbpo_h1_awr_diagnostics_20260604/h100/fix1_r224_s32_anchor1_iter500_s2/diagnostics.md,train,"expert,expert_noisy",8192,4096,1.0,20.0,2,Action drift and BC-error diagnostics for completed fix1 H1 AWR run.
flow_mbpo_h1_awr_diagnostics_20260604,fix1_r192_s64_anchor1_iter500_s2,scripts/outputs/mjlab_qs/windows/rerun_a25_native_qs_g1stage4_expertboost_20260527/velocity_flat_unitree_g1/d_qs_core_h16.pt,scripts/outputs/mjlab_qs/windows/rerun_a25_native_qs_g1stage4_expertboost_20260527/velocity_flat_unitree_g1/d_qs_core_h16.json,scripts/outputs/mjlab_qs/windows/rerun_a25_native_qs_g1stage4_expertboost_20260527/velocity_flat_unitree_g1/d_qs_core_h16_normalization.json,scripts/outputs/mjlab_qs/policy_extraction/rerun_g1_bc_expert_uniform_mlp50k_20260528/velocity_flat_unitree_g1/mlp_ref/mlp/offline/bc50k_expert_uniform_policy0k/seed_2/final_policy_extraction.pt,scripts/outputs/mjlab_qs/flow_mbpo_v0_replay/flow_endpoint_ensemble_seed0_h1_unc0p5_q0p90_truncate_check/synthetic_replay.pt,scripts/outputs/mjlab_qs/flow_mbpo_endpoint_h1_multiseed_ablation_fix1_20260604/h200/endpoint_h1_r192_s64_anchor1_iter500_s2/real_eval_snapshots/iter_000250_policy_extraction.pt|scripts/outputs/mjlab_qs/flow_mbpo_endpoint_h1_multiseed_ablation_fix1_20260604/h200/endpoint_h1_r192_s64_anchor1_iter500_s2/real_eval_snapshots/iter_000500_policy_extraction.pt|scripts/outputs/mjlab_qs/flow_mbpo_endpoint_h1_multiseed_ablation_fix1_20260604/h200/endpoint_h1_r192_s64_anchor1_iter500_s2/final_policy_extraction.pt|scripts/outputs/mjlab_qs/flow_mbpo_endpoint_h1_multiseed_ablation_fix1_20260604/h200/endpoint_h1_r192_s64_anchor1_iter500_s2/best_policy_extraction.pt,iter250|iter500|final|best_real_eval,scripts/outputs/mjlab_qs/flow_mbpo_h1_awr_diagnostics_20260604/h100/fix1_r192_s64_anchor1_iter500_s2/diagnostics.json,scripts/outputs/mjlab_qs/flow_mbpo_h1_awr_diagnostics_20260604/h100/fix1_r192_s64_anchor1_iter500_s2/diagnostics.md,train,"expert,expert_noisy",8192,4096,1.0,20.0,2,Action drift and BC-error diagnostics for completed fix1 H1 AWR run.
flow_mbpo_h1_awr_diagnostics_20260604,fix1_r248_s8_anchor1_iter500_s2,scripts/outputs/mjlab_qs/windows/rerun_a25_native_qs_g1stage4_expertboost_20260527/velocity_flat_unitree_g1/d_qs_core_h16.pt,scripts/outputs/mjlab_qs/windows/rerun_a25_native_qs_g1stage4_expertboost_20260527/velocity_flat_unitree_g1/d_qs_core_h16.json,scripts/outputs/mjlab_qs/windows/rerun_a25_native_qs_g1stage4_expertboost_20260527/velocity_flat_unitree_g1/d_qs_core_h16_normalization.json,scripts/outputs/mjlab_qs/policy_extraction/rerun_g1_bc_expert_uniform_mlp50k_20260528/velocity_flat_unitree_g1/mlp_ref/mlp/offline/bc50k_expert_uniform_policy0k/seed_2/final_policy_extraction.pt,scripts/outputs/mjlab_qs/flow_mbpo_v0_replay/flow_endpoint_ensemble_seed0_h1_unc0p5_q0p90_truncate_check/synthetic_replay.pt,scripts/outputs/mjlab_qs/flow_mbpo_endpoint_h1_multiseed_ablation_fix1_20260604/h200/endpoint_h1_r248_s8_anchor1_iter500_s2/real_eval_snapshots/iter_000250_policy_extraction.pt|scripts/outputs/mjlab_qs/flow_mbpo_endpoint_h1_multiseed_ablation_fix1_20260604/h200/endpoint_h1_r248_s8_anchor1_iter500_s2/real_eval_snapshots/iter_000500_policy_extraction.pt|scripts/outputs/mjlab_qs/flow_mbpo_endpoint_h1_multiseed_ablation_fix1_20260604/h200/endpoint_h1_r248_s8_anchor1_iter500_s2/final_policy_extraction.pt|scripts/outputs/mjlab_qs/flow_mbpo_endpoint_h1_multiseed_ablation_fix1_20260604/h200/endpoint_h1_r248_s8_anchor1_iter500_s2/best_policy_extraction.pt,iter250|iter500|final|best_real_eval,scripts/outputs/mjlab_qs/flow_mbpo_h1_awr_diagnostics_20260604/h100/fix1_r248_s8_anchor1_iter500_s2/diagnostics.json,scripts/outputs/mjlab_qs/flow_mbpo_h1_awr_diagnostics_20260604/h100/fix1_r248_s8_anchor1_iter500_s2/diagnostics.md,train,"expert,expert_noisy",8192,4096,1.0,20.0,2,Action drift and BC-error diagnostics for completed fix1 H1 AWR run.
