method,world_model,policy_arch,dataset,warmstart,regularization,seed,checkpoint_kind,imagined_return,real_return,episode_length,fall_rate,wandb_url,video_path,git_sha,conclusion
collector_reference,native_rslrl_ppo_conservative,native_policy,native_collector_checkpoint,none,none,1,collector,,82.608955,1000.00,0.000,https://wandb.ai/danny010324/flow-mbpo-mjlab-collector-baselines-20260528/runs/swwdza3g,scripts/outputs/mjlab_qs/native_collector_rollouts/rerun_g1_collector_reference_rollouts_20260528/velocity_flat_unitree_g1/expert_seed1_iter15000/seed_1/rollout.mp4,83c9768,expert collector target
collector_reference,native_rslrl_ppo_conservative,native_policy,native_collector_checkpoint,none,action_noise,1,collector,,80.352516,1000.00,0.000,https://wandb.ai/danny010324/flow-mbpo-mjlab-collector-baselines-20260528/runs/cu62wnbc,scripts/outputs/mjlab_qs/native_collector_rollouts/rerun_g1_collector_reference_rollouts_20260528/velocity_flat_unitree_g1/expert_noisy_seed1_iter15000/seed_1/rollout.mp4,83c9768,expert noisy target
collector_reference,native_rslrl_ppo_conservative,native_policy,native_collector_checkpoint,none,none,2,collector,,49.193462,653.33,0.667,https://wandb.ai/danny010324/flow-mbpo-mjlab-collector-baselines-20260528/runs/rh31kxs7,scripts/outputs/mjlab_qs/native_collector_rollouts/rerun_g1_collector_reference_rollouts_20260528/velocity_flat_unitree_g1/medium_seed2_iter15000/seed_2/rollout.mp4,83c9768,medium collector reference
collector_reference,random_smooth,random_smooth,none,none,none,0,collector,,0.485703,75.33,1.000,https://wandb.ai/danny010324/flow-mbpo-mjlab-collector-baselines-20260528/runs/ltam24zf,scripts/outputs/mjlab_qs/native_collector_rollouts/rerun_g1_collector_reference_rollouts_20260528/velocity_flat_unitree_g1/random_smooth/seed_0/rollout.mp4,83c9768,random failure reference
bc_only,mlp_ref,mlp,rerun_a25_native_qs_g1stage4_expertboost_20260527,bc_expert_expert_noisy,quality_balanced,0-2,final,,19.082726,238.22,0.333,https://wandb.ai/danny010324/flow-mbpo-mjlab-bc-expert-20260528/runs/jebhwezc;https://wandb.ai/danny010324/flow-mbpo-mjlab-bc-expert-20260528/runs/ucbm020h;https://wandb.ai/danny010324/flow-mbpo-mjlab-bc-expert-20260528/runs/xfyb30lu,scripts/outputs/mjlab_qs/policy_rollouts/rerun_g1_bc_expert_mlp50k_20260528,see_phaseA_log,prior expert-filtered BC baseline
bc_only,mlp_ref,mlp,rerun_a25_native_qs_g1stage4_expertboost_20260527,bc_expert_expert_noisy,uniform_sampling,0-2,final,,21.548130,267.89,0.222,https://wandb.ai/danny010324/flow-mbpo-mjlab-bc-expert-uniform-20260528/runs/ziehc1zh;https://wandb.ai/danny010324/flow-mbpo-mjlab-bc-expert-uniform-20260528/runs/b86d6pld;https://wandb.ai/danny010324/flow-mbpo-mjlab-bc-expert-uniform-20260528/runs/kmjeq05t,scripts/outputs/mjlab_qs/policy_rollouts/rerun_g1_bc_expert_uniform_mlp50k_20260528,9c6fa4c,modest BC rollout improvement but far below collector
bc_only,mlp_ref,mlp,rerun_a25_native_qs_g1stage4_expertboost_20260527,bc_expert_expert_noisy,uniform_sampling,0-2,best,,21.593652,267.89,0.222,https://wandb.ai/danny010324/flow-mbpo-mjlab-bc-expert-uniform-20260528/runs/11tf2znc;https://wandb.ai/danny010324/flow-mbpo-mjlab-bc-expert-uniform-20260528/runs/cmv1kjpo;https://wandb.ai/danny010324/flow-mbpo-mjlab-bc-expert-uniform-20260528/runs/p71ombzy,scripts/outputs/mjlab_qs/policy_rollouts/rerun_g1_bc_expert_uniform_mlp50k_20260528,9c6fa4c,best equals BC snapshot and is only marginally above final
bc_only,mlp_ref,mlp,rerun_a25_native_qs_g1stage4_expertboost_20260527,bc_expert_expert_noisy,uniform_sampling_action_rate_1e-2,0-2,final,,21.562137,267.89,0.222,https://wandb.ai/danny010324/flow-mbpo-mjlab-bc-expert-uniform-smooth-20260528/runs/5f9et04a;https://wandb.ai/danny010324/flow-mbpo-mjlab-bc-expert-uniform-smooth-20260528/runs/lk9cr22p;https://wandb.ai/danny010324/flow-mbpo-mjlab-bc-expert-uniform-smooth-20260528/runs/2quaut5a,scripts/outputs/mjlab_qs/policy_rollouts/rerun_g1_bc_expert_uniform_smooth1e2_mlp50k_20260528,f71489b,smoothness improves eval but not rendered rollout
bc_only,mlp_ref,mlp,rerun_a25_native_qs_g1stage4_expertboost_20260527,bc_expert_expert_noisy,uniform_sampling_action_rate_1e-2,0-2,best,,21.566627,267.89,0.222,https://wandb.ai/danny010324/flow-mbpo-mjlab-bc-expert-uniform-smooth-20260528/runs/o2fpcvmb;https://wandb.ai/danny010324/flow-mbpo-mjlab-bc-expert-uniform-smooth-20260528/runs/e4hj0jlj;https://wandb.ai/danny010324/flow-mbpo-mjlab-bc-expert-uniform-smooth-20260528/runs/rz1h2svk,scripts/outputs/mjlab_qs/policy_rollouts/rerun_g1_bc_expert_uniform_smooth1e2_mlp50k_20260528,f71489b,smooth best equals BC snapshot and remains near uniform BC
bc_only,mlp_ref,mlp,rerun_a25_native_qs_g1stage4_expertboost_20260527,bc_expert_expert_noisy,uniform_sampling_longroll1000,0-2,final,,41.896453,547.78,0.667,https://wandb.ai/danny010324/flow-mbpo-mjlab-bc-longroll1000-20260528/runs/63wb3ny8;https://wandb.ai/danny010324/flow-mbpo-mjlab-bc-longroll1000-20260528/runs/p1uf8prz;https://wandb.ai/danny010324/flow-mbpo-mjlab-bc-longroll1000-20260528/runs/dh62wzn5,scripts/outputs/mjlab_qs/policy_rollouts/rerun_g1_bc_longroll1000_uniform_vs_smooth_20260528,e0acdcb,1000 step horizon recovers much higher BC return and length
bc_only,mlp_ref,mlp,rerun_a25_native_qs_g1stage4_expertboost_20260527,bc_expert_expert_noisy,uniform_sampling_longroll1000,0-2,best,,40.584789,534.22,0.778,https://wandb.ai/danny010324/flow-mbpo-mjlab-bc-longroll1000-20260528/runs/sw1490kx;https://wandb.ai/danny010324/flow-mbpo-mjlab-bc-longroll1000-20260528/runs/wt2rpc4b;https://wandb.ai/danny010324/flow-mbpo-mjlab-bc-longroll1000-20260528/runs/4b5czw08,scripts/outputs/mjlab_qs/policy_rollouts/rerun_g1_bc_longroll1000_uniform_vs_smooth_20260528,e0acdcb,best snapshot slightly below final under long horizon
bc_only,mlp_ref,mlp,rerun_a25_native_qs_g1stage4_expertboost_20260527,bc_expert_expert_noisy,uniform_sampling_action_rate_1e-2_longroll1000,0-2,final,,41.819909,561.78,0.667,https://wandb.ai/danny010324/flow-mbpo-mjlab-bc-longroll1000-20260528/runs/jk37cnb5;https://wandb.ai/danny010324/flow-mbpo-mjlab-bc-longroll1000-20260528/runs/gzglei3v;https://wandb.ai/danny010324/flow-mbpo-mjlab-bc-longroll1000-20260528/runs/l2e22v98,scripts/outputs/mjlab_qs/policy_rollouts/rerun_g1_bc_longroll1000_uniform_vs_smooth_20260528,e0acdcb,smoothness remains neutral under 1000 step horizon
bc_only,mlp_ref,mlp,rerun_a25_native_qs_g1stage4_expertboost_20260527,bc_expert_expert_noisy,uniform_sampling_action_rate_1e-2_longroll1000,0-2,best,,41.314085,555.11,0.667,https://wandb.ai/danny010324/flow-mbpo-mjlab-bc-longroll1000-20260528/runs/3bnvjxoe;https://wandb.ai/danny010324/flow-mbpo-mjlab-bc-longroll1000-20260528/runs/bhl80a7z;https://wandb.ai/danny010324/flow-mbpo-mjlab-bc-longroll1000-20260528/runs/d9yc0hwx,scripts/outputs/mjlab_qs/policy_rollouts/rerun_g1_bc_longroll1000_uniform_vs_smooth_20260528,e0acdcb,smooth best close to smooth final under long horizon
bc_only,mlp_ref,mlp,rerun_a25_native_qs_g1stage4_expertboost_20260527,bc_expert_expert_noisy,uniform_sampling_eval40_long1000,0-2,final,,45.849103,594.97,0.625,https://wandb.ai/danny010324/flow-mbpo-mjlab-bc-eval40-long1000-20260528/runs/hsizha8n;https://wandb.ai/danny010324/flow-mbpo-mjlab-bc-eval40-long1000-20260528/runs/xdh8gcox;https://wandb.ai/danny010324/flow-mbpo-mjlab-bc-eval40-long1000-20260528/runs/zscvq48j,scripts/outputs/mjlab_qs/policy_rollouts/rerun_g1_bc_longroll1000_uniform_vs_smooth_20260528,6694f41,40 episode eval paired with 1000 step MP4s; current scalar BC baseline
bc_only,mlp_ref,mlp,rerun_a25_native_qs_g1stage4_expertboost_20260527,bc_expert_expert_noisy,uniform_sampling_eval40_long1000,0-2,best,,42.011772,550.79,0.683,https://wandb.ai/danny010324/flow-mbpo-mjlab-bc-eval40-long1000-20260528/runs/9hnlm351;https://wandb.ai/danny010324/flow-mbpo-mjlab-bc-eval40-long1000-20260528/runs/vxeggehe;https://wandb.ai/danny010324/flow-mbpo-mjlab-bc-eval40-long1000-20260528/runs/y9fon1y8,scripts/outputs/mjlab_qs/policy_rollouts/rerun_g1_bc_longroll1000_uniform_vs_smooth_20260528,6694f41,best below final in 40 episode eval
bc_only,mlp_ref,mlp,rerun_a25_native_qs_g1stage4_expertboost_20260527,bc_expert_expert_noisy,uniform_sampling_action_rate_1e-2_eval40_long1000,0-2,final,,37.660192,501.34,0.742,https://wandb.ai/danny010324/flow-mbpo-mjlab-bc-eval40-long1000-20260528/runs/benhpxk0;https://wandb.ai/danny010324/flow-mbpo-mjlab-bc-eval40-long1000-20260528/runs/p2gd1c4q;https://wandb.ai/danny010324/flow-mbpo-mjlab-bc-eval40-long1000-20260528/runs/82yg2rqe,scripts/outputs/mjlab_qs/policy_rollouts/rerun_g1_bc_longroll1000_uniform_vs_smooth_20260528,6694f41,smooth final underperforms uniform final in 40 episode eval
bc_only,mlp_ref,mlp,rerun_a25_native_qs_g1stage4_expertboost_20260527,bc_expert_expert_noisy,uniform_sampling_action_rate_1e-2_eval40_long1000,0-2,best,,46.624147,601.92,0.658,https://wandb.ai/danny010324/flow-mbpo-mjlab-bc-eval40-long1000-20260528/runs/i0eu5bzd;https://wandb.ai/danny010324/flow-mbpo-mjlab-bc-eval40-long1000-20260528/runs/lpj1nolj;https://wandb.ai/danny010324/flow-mbpo-mjlab-bc-eval40-long1000-20260528/runs/c0pkwvnd,scripts/outputs/mjlab_qs/policy_rollouts/rerun_g1_bc_longroll1000_uniform_vs_smooth_20260528,6694f41,smooth best slightly above uniform final return but still high fall rate
bc_only,mlp_ref,mlp,rerun_a25_native_qs_g1stage4_expertboost_20260527,bc_expert_only,expert_only_eval40_long1000,0-2,final,,31.951396,426.94,0.800,https://wandb.ai/danny010324/flow-mbpo-mjlab-bc-expertonly-20260528/runs/7thwj7p8;https://wandb.ai/danny010324/flow-mbpo-mjlab-bc-expertonly-20260528/runs/iubh2utj;https://wandb.ai/danny010324/flow-mbpo-mjlab-bc-expertonly-20260528/runs/r9fw5ujg,scripts/outputs/mjlab_qs/policy_rollouts/rerun_g1_bc_longroll1000_expertonly_20260528,d3a34eb,expert-only worsens 40 episode robustness versus expert+noisy
bc_only,mlp_ref,mlp,rerun_a25_native_qs_g1stage4_expertboost_20260527,bc_expert_expert_noisy,uniform_sampling_initdiag_eval40_long1000,0-2,final,,45.783089,589.43,0.667,https://wandb.ai/danny010324/flow-mbpo-mjlab-bc-initdiag-eval40-20260528/runs/dtmjqeg4;https://wandb.ai/danny010324/flow-mbpo-mjlab-bc-initdiag-eval40-20260528/runs/4dusumqz;https://wandb.ai/danny010324/flow-mbpo-mjlab-bc-initdiag-eval40-20260528/runs/8fld5ip4,scripts/outputs/mjlab_qs/policy_evals/rerun_g1_bc_initdiag_eval40_long1000_20260528,e95b3c9,init diagnostic repeats BC baseline and points to yaw/recovery weakness
bc_only,mlp_ref,mlp,rerun_a25_native_qs_g1stage4_expertboost_20260527,bc_expert_only,expert_only_initdiag_eval40_long1000,0-2,final,,30.629218,412.38,0.800,https://wandb.ai/danny010324/flow-mbpo-mjlab-bc-initdiag-eval40-20260528/runs/ixyehsm3;https://wandb.ai/danny010324/flow-mbpo-mjlab-bc-initdiag-eval40-20260528/runs/os4aufdv;https://wandb.ai/danny010324/flow-mbpo-mjlab-bc-initdiag-eval40-20260528/runs/hqxdtdus,scripts/outputs/mjlab_qs/policy_evals/rerun_g1_bc_initdiag_eval40_long1000_20260528,e95b3c9,expert-only remains weaker in diagnostic rerun
bc_only,mlp_ref,mlp,rerun_a25_native_qs_g1stage4_expertboost_20260527,bc_expert_expert_noisy,yaw_balanced_eval40_long1000,0-2,final,,44.991266,585.48,0.683,https://wandb.ai/danny010324/flow-mbpo-mjlab-bc-expert-yawbal-20260528/runs/fmsrrkcw;https://wandb.ai/danny010324/flow-mbpo-mjlab-bc-expert-yawbal-20260528/runs/zlvloocn;https://wandb.ai/danny010324/flow-mbpo-mjlab-bc-expert-yawbal-20260528/runs/oxcjyupn,scripts/outputs/mjlab_qs/policy_extraction/rerun_g1_bc_expert_yawbal_mlp50k_20260528,d5bd14c,yaw-balanced BC does not beat uniform expert+noisy BC
bc_only,mlp_ref,mlp,rerun_a25_native_qs_g1stage4_expertboost_20260527,bc_expert_expert_noisy_medium,uniform_sampling_eval40_long1000,0-2,final,,37.150389,489.88,0.767,https://wandb.ai/danny010324/flow-mbpo-mjlab-bc-expert-noisy-medium-20260528/runs/luzcp7ki;https://wandb.ai/danny010324/flow-mbpo-mjlab-bc-expert-noisy-medium-20260528/runs/4ey00xkn;https://wandb.ai/danny010324/flow-mbpo-mjlab-bc-expert-noisy-medium-20260528/runs/faijzxg3,scripts/outputs/mjlab_qs/policy_extraction/rerun_g1_bc_expert_noisy_medium_uniform_mlp50k_20260528,ed1990f,naive medium mixing hurts BC robustness
bc_only,mlp_ref,mlp,rerun_a25_native_qs_g1stage4_expertboost_20260527,bc_expert_expert_noisy_medium,medium_action_norm_le_0.39_eval40_long1000,0-2,final,,41.328826,546.76,0.700,https://wandb.ai/danny010324/flow-mbpo-mjlab-bc-expert-noisy-medium-actnorm-20260528/runs/u66jjvhn;https://wandb.ai/danny010324/flow-mbpo-mjlab-bc-expert-noisy-medium-actnorm-20260528/runs/u2199ttx;https://wandb.ai/danny010324/flow-mbpo-mjlab-bc-expert-noisy-medium-actnorm-20260528/runs/x58pv5un,scripts/outputs/mjlab_qs/policy_extraction/rerun_g1_bc_expert_noisy_medium_actnorm039_mlp50k_20260528,ada801b,medium action-norm filtering improves naive medium but remains below expert+noisy BC
bc_only,mlp_ref,mlp,rerun_a25_native_qs_g1stage4_expertboost_20260527,bc_expert_expert_noisy_medium,medium_loss_weight_0.25_eval40_long1000,0-2,final,,39.402552,525.02,0.750,https://wandb.ai/danny010324/flow-mbpo-mjlab-bc-expert-noisy-medium-w025-20260528/runs/ltslmhpw;https://wandb.ai/danny010324/flow-mbpo-mjlab-bc-expert-noisy-medium-w025-20260528/runs/30r9a4xf;https://wandb.ai/danny010324/flow-mbpo-mjlab-bc-expert-noisy-medium-w025-20260528/runs/rbi83678,scripts/outputs/mjlab_qs/policy_extraction/rerun_g1_bc_expert_noisy_medium_w025_mlp50k_20260528,2d11de6,medium loss downweighting remains below expert+noisy BC
bc_only,mlp_ref,mlp,rerun_a25_native_qs_g1stage4_expertboost_20260527,bc_expert_only,expert_only_longroll1000,0-2,final,,52.425248,673.11,0.667,https://wandb.ai/danny010324/flow-mbpo-mjlab-bc-expertonly-rollout1000-20260528/runs/201p2bk6;https://wandb.ai/danny010324/flow-mbpo-mjlab-bc-expertonly-rollout1000-20260528/runs/9ayrzyhd;https://wandb.ai/danny010324/flow-mbpo-mjlab-bc-expertonly-rollout1000-20260528/runs/hruobgdi,scripts/outputs/mjlab_qs/policy_rollouts/rerun_g1_bc_longroll1000_expertonly_20260528,d318ded,3 episode videos overestimate expert-only BC robustness
bc_only,mlp_ref,mlp,rerun_a25_native_qs_g1stage4_expertboost_20260527,bc_expert_only,expert_only_longroll1000,0-2,best,,53.691727,697.44,0.667,https://wandb.ai/danny010324/flow-mbpo-mjlab-bc-expertonly-rollout1000-20260528/runs/3cepdm2x;https://wandb.ai/danny010324/flow-mbpo-mjlab-bc-expertonly-rollout1000-20260528/runs/1v5b2182;https://wandb.ai/danny010324/flow-mbpo-mjlab-bc-expertonly-rollout1000-20260528/runs/a3ferujx,scripts/outputs/mjlab_qs/policy_rollouts/rerun_g1_bc_longroll1000_expertonly_20260528,d318ded,best videos also overestimate expert-only BC robustness
bc_warm_pwm,mlp_ref,mlp,rerun_a25_native_qs_g1stage4_expertboost_20260527,bc_expert_expert_noisy,bc_reg10_short2k_lr1e4,0,final,, -1.099878,54.67,1.000,https://wandb.ai/danny010324/flow-mbpo-mjlab-bcwarm-pwm-conservative-20260528/runs/0okrhnzj,scripts/outputs/mjlab_qs/policy_rollouts/rerun_g1_bcwarm_pwm_bcreg10_short2k_lr1e4_mlpwm_vs_flowwm_seed0_20260528/velocity_flat_unitree_g1/mlp_ref/mlp/offline/bc50k_policy2k_bcreg10_lr1e4_expert/seed_0/rollout.mp4,c8c4a1b,model exploitation remains far below BC
