checkpoint,checkpoint_path,quality,yaw_bin,windows,action_mse_mean,action_l2_error_mean,target_action_l2_mean,pred_action_l2_mean,action_rate_l2_mean
uniform_seed0,scripts/outputs/mjlab_qs/policy_extraction/rerun_g1_bc_expert_uniform_mlp50k_20260528/velocity_flat_unitree_g1/mlp_ref/mlp/offline/bc50k_expert_uniform_policy0k/seed_0/final_policy_extraction.pt,expert,"[0,0.175)",479,1.0497170359009026e-05,0.003064772483575817,0.3025883473533678,0.3019600790577293,0.0036408105449039405
uniform_seed0,scripts/outputs/mjlab_qs/policy_extraction/rerun_g1_bc_expert_uniform_mlp50k_20260528/velocity_flat_unitree_g1/mlp_ref/mlp/offline/bc50k_expert_uniform_policy0k/seed_0/final_policy_extraction.pt,expert,"[0.175,0.35)",365,1.546112192182304e-05,0.0034735236163825206,0.33772313496837875,0.33712762022671633,0.012029421329498292
uniform_seed0,scripts/outputs/mjlab_qs/policy_extraction/rerun_g1_bc_expert_uniform_mlp50k_20260528/velocity_flat_unitree_g1/mlp_ref/mlp/offline/bc50k_expert_uniform_policy0k/seed_0/final_policy_extraction.pt,expert,"[0.35,0.525)",341,2.39938341867714e-05,0.003949033855692732,0.3458258245697469,0.345163514537196,0.02063605739923516
uniform_seed0,scripts/outputs/mjlab_qs/policy_extraction/rerun_g1_bc_expert_uniform_mlp50k_20260528/velocity_flat_unitree_g1/mlp_ref/mlp/offline/bc50k_expert_uniform_policy0k/seed_0/final_policy_extraction.pt,expert,"[0.525,inf)",441,6.624617346703939e-05,0.005308192333126284,0.3487458348003915,0.3480129544697111,0.0395740955865302
uniform_seed0,scripts/outputs/mjlab_qs/policy_extraction/rerun_g1_bc_expert_uniform_mlp50k_20260528/velocity_flat_unitree_g1/mlp_ref/mlp/offline/bc50k_expert_uniform_policy0k/seed_0/final_policy_extraction.pt,expert_noisy,"[0,0.175)",129,0.0024801190047301063,0.04936813753704692,0.3115612887596899,0.30755310650019685,0.06987823072329973
uniform_seed0,scripts/outputs/mjlab_qs/policy_extraction/rerun_g1_bc_expert_uniform_mlp50k_20260528/velocity_flat_unitree_g1/mlp_ref/mlp/offline/bc50k_expert_uniform_policy0k/seed_0/final_policy_extraction.pt,expert_noisy,"[0.175,0.35)",77,0.002504269023994347,0.04959368396114994,0.32964907064066307,0.32619164206764917,0.07476287073903269
uniform_seed0,scripts/outputs/mjlab_qs/policy_extraction/rerun_g1_bc_expert_uniform_mlp50k_20260528/velocity_flat_unitree_g1/mlp_ref/mlp/offline/bc50k_expert_uniform_policy0k/seed_0/final_policy_extraction.pt,expert_noisy,"[0.35,0.525)",76,0.0024895166095934415,0.0494124920744645,0.3294248580932617,0.3261040386400725,0.08320167190150211
uniform_seed0,scripts/outputs/mjlab_qs/policy_extraction/rerun_g1_bc_expert_uniform_mlp50k_20260528/velocity_flat_unitree_g1/mlp_ref/mlp/offline/bc50k_expert_uniform_policy0k/seed_0/final_policy_extraction.pt,expert_noisy,"[0.525,inf)",92,0.0024743580623813296,0.04923208900119947,0.3415055274963379,0.3394522459610649,0.09179853356402853
uniform_seed1,scripts/outputs/mjlab_qs/policy_extraction/rerun_g1_bc_expert_uniform_mlp50k_20260528/velocity_flat_unitree_g1/mlp_ref/mlp/offline/bc50k_expert_uniform_policy0k/seed_1/final_policy_extraction.pt,expert,"[0,0.175)",479,9.915434246462826e-06,0.002981624175213075,0.3025883473533678,0.30268101303960687,0.0036408105449039405
uniform_seed1,scripts/outputs/mjlab_qs/policy_extraction/rerun_g1_bc_expert_uniform_mlp50k_20260528/velocity_flat_unitree_g1/mlp_ref/mlp/offline/bc50k_expert_uniform_policy0k/seed_1/final_policy_extraction.pt,expert,"[0.175,0.35)",365,1.6170957808267987e-05,0.0035981457323244173,0.33772313496837875,0.3375083910275812,0.012029421329498292
uniform_seed1,scripts/outputs/mjlab_qs/policy_extraction/rerun_g1_bc_expert_uniform_mlp50k_20260528/velocity_flat_unitree_g1/mlp_ref/mlp/offline/bc50k_expert_uniform_policy0k/seed_1/final_policy_extraction.pt,expert,"[0.35,0.525)",341,2.4235473305281917e-05,0.004013863564236772,0.3458258245697469,0.34543314008069526,0.02063605739923516
uniform_seed1,scripts/outputs/mjlab_qs/policy_extraction/rerun_g1_bc_expert_uniform_mlp50k_20260528/velocity_flat_unitree_g1/mlp_ref/mlp/offline/bc50k_expert_uniform_policy0k/seed_1/final_policy_extraction.pt,expert,"[0.525,inf)",441,6.599642683238703e-05,0.005383198949890613,0.3487458348003915,0.348143331047629,0.0395740955865302
uniform_seed1,scripts/outputs/mjlab_qs/policy_extraction/rerun_g1_bc_expert_uniform_mlp50k_20260528/velocity_flat_unitree_g1/mlp_ref/mlp/offline/bc50k_expert_uniform_policy0k/seed_1/final_policy_extraction.pt,expert_noisy,"[0,0.175)",129,0.002482923195343609,0.04939643726792446,0.3115612887596899,0.3082512848136961,0.06987823072329973
uniform_seed1,scripts/outputs/mjlab_qs/policy_extraction/rerun_g1_bc_expert_uniform_mlp50k_20260528/velocity_flat_unitree_g1/mlp_ref/mlp/offline/bc50k_expert_uniform_policy0k/seed_1/final_policy_extraction.pt,expert_noisy,"[0.175,0.35)",77,0.0024916707695304572,0.049474973183173634,0.32964907064066307,0.32650959956181513,0.07476287073903269
uniform_seed1,scripts/outputs/mjlab_qs/policy_extraction/rerun_g1_bc_expert_uniform_mlp50k_20260528/velocity_flat_unitree_g1/mlp_ref/mlp/offline/bc50k_expert_uniform_policy0k/seed_1/final_policy_extraction.pt,expert_noisy,"[0.35,0.525)",76,0.0024897493422031403,0.04941612168362266,0.3294248580932617,0.3265303561561986,0.08320167190150211
uniform_seed1,scripts/outputs/mjlab_qs/policy_extraction/rerun_g1_bc_expert_uniform_mlp50k_20260528/velocity_flat_unitree_g1/mlp_ref/mlp/offline/bc50k_expert_uniform_policy0k/seed_1/final_policy_extraction.pt,expert_noisy,"[0.525,inf)",92,0.0024627767827199855,0.04913016505863355,0.3415055274963379,0.3395714345185653,0.09179853356402853
uniform_seed2,scripts/outputs/mjlab_qs/policy_extraction/rerun_g1_bc_expert_uniform_mlp50k_20260528/velocity_flat_unitree_g1/mlp_ref/mlp/offline/bc50k_expert_uniform_policy0k/seed_2/final_policy_extraction.pt,expert,"[0,0.175)",479,1.1523243825832122e-05,0.003235207314531091,0.3025883473533678,0.3024161603605075,0.0036408105449039405
uniform_seed2,scripts/outputs/mjlab_qs/policy_extraction/rerun_g1_bc_expert_uniform_mlp50k_20260528/velocity_flat_unitree_g1/mlp_ref/mlp/offline/bc50k_expert_uniform_policy0k/seed_2/final_policy_extraction.pt,expert,"[0.175,0.35)",365,1.7075498001522397e-05,0.0037286682794355364,0.33772313496837875,0.3374644462376425,0.012029421329498292
uniform_seed2,scripts/outputs/mjlab_qs/policy_extraction/rerun_g1_bc_expert_uniform_mlp50k_20260528/velocity_flat_unitree_g1/mlp_ref/mlp/offline/bc50k_expert_uniform_policy0k/seed_2/final_policy_extraction.pt,expert,"[0.35,0.525)",341,2.5553864876185257e-05,0.004186531468745201,0.3458258245697469,0.34546968873994444,0.02063605739923516
uniform_seed2,scripts/outputs/mjlab_qs/policy_extraction/rerun_g1_bc_expert_uniform_mlp50k_20260528/velocity_flat_unitree_g1/mlp_ref/mlp/offline/bc50k_expert_uniform_policy0k/seed_2/final_policy_extraction.pt,expert,"[0.525,inf)",441,6.676972035926823e-05,0.005497018462405994,0.3487458348003915,0.3482262412436695,0.0395740955865302
uniform_seed2,scripts/outputs/mjlab_qs/policy_extraction/rerun_g1_bc_expert_uniform_mlp50k_20260528/velocity_flat_unitree_g1/mlp_ref/mlp/offline/bc50k_expert_uniform_policy0k/seed_2/final_policy_extraction.pt,expert_noisy,"[0,0.175)",129,0.00247975698737211,0.04936484033747237,0.3115612887596899,0.30789051499477654,0.06987823072329973
uniform_seed2,scripts/outputs/mjlab_qs/policy_extraction/rerun_g1_bc_expert_uniform_mlp50k_20260528/velocity_flat_unitree_g1/mlp_ref/mlp/offline/bc50k_expert_uniform_policy0k/seed_2/final_policy_extraction.pt,expert_noisy,"[0.175,0.35)",77,0.0025011413283162302,0.049575787085991405,0.32964907064066307,0.32656211357612114,0.07476287073903269
uniform_seed2,scripts/outputs/mjlab_qs/policy_extraction/rerun_g1_bc_expert_uniform_mlp50k_20260528/velocity_flat_unitree_g1/mlp_ref/mlp/offline/bc50k_expert_uniform_policy0k/seed_2/final_policy_extraction.pt,expert_noisy,"[0.35,0.525)",76,0.002488543916689722,0.04940122679660195,0.3294248580932617,0.3266318220841257,0.08320167190150211
uniform_seed2,scripts/outputs/mjlab_qs/policy_extraction/rerun_g1_bc_expert_uniform_mlp50k_20260528/velocity_flat_unitree_g1/mlp_ref/mlp/offline/bc50k_expert_uniform_policy0k/seed_2/final_policy_extraction.pt,expert_noisy,"[0.525,inf)",92,0.002468092933945034,0.04918067869932755,0.3415055274963379,0.33984090970910114,0.09179853356402853
yawboost_seed0,scripts/outputs/mjlab_qs/policy_extraction/rerun_g1_bc_expert_uniform_yawboost_mlp50k_20260528/velocity_flat_unitree_g1/mlp_ref/mlp/offline/bc50k_expert_uniform_yawboost_policy0k/seed_0/final_policy_extraction.pt,expert,"[0,0.175)",479,1.3225400732394643e-05,0.0034617420775905285,0.3025883473533678,0.301891904285407,0.0036408105449039405
yawboost_seed0,scripts/outputs/mjlab_qs/policy_extraction/rerun_g1_bc_expert_uniform_yawboost_mlp50k_20260528/velocity_flat_unitree_g1/mlp_ref/mlp/offline/bc50k_expert_uniform_yawboost_policy0k/seed_0/final_policy_extraction.pt,expert,"[0.175,0.35)",365,1.870580057434942e-05,0.003941683634503247,0.33772313496837875,0.33696394881157027,0.012029421329498292
yawboost_seed0,scripts/outputs/mjlab_qs/policy_extraction/rerun_g1_bc_expert_uniform_yawboost_mlp50k_20260528/velocity_flat_unitree_g1/mlp_ref/mlp/offline/bc50k_expert_uniform_yawboost_policy0k/seed_0/final_policy_extraction.pt,expert,"[0.35,0.525)",341,2.7078514952141564e-05,0.004385203734870531,0.3458258245697469,0.3450689973020134,0.02063605739923516
yawboost_seed0,scripts/outputs/mjlab_qs/policy_extraction/rerun_g1_bc_expert_uniform_yawboost_mlp50k_20260528/velocity_flat_unitree_g1/mlp_ref/mlp/offline/bc50k_expert_uniform_yawboost_policy0k/seed_0/final_policy_extraction.pt,expert,"[0.525,inf)",441,6.811083489796674e-05,0.005576204212885055,0.3487458348003915,0.3479088796239321,0.0395740955865302
yawboost_seed0,scripts/outputs/mjlab_qs/policy_extraction/rerun_g1_bc_expert_uniform_yawboost_mlp50k_20260528/velocity_flat_unitree_g1/mlp_ref/mlp/offline/bc50k_expert_uniform_yawboost_policy0k/seed_0/final_policy_extraction.pt,expert_noisy,"[0,0.175)",129,0.002490783846655557,0.049471045649328894,0.3115612887596899,0.3074494295342024,0.06987823072329973
yawboost_seed0,scripts/outputs/mjlab_qs/policy_extraction/rerun_g1_bc_expert_uniform_yawboost_mlp50k_20260528/velocity_flat_unitree_g1/mlp_ref/mlp/offline/bc50k_expert_uniform_yawboost_policy0k/seed_0/final_policy_extraction.pt,expert_noisy,"[0.175,0.35)",77,0.002513572960704952,0.0496862708748161,0.32964907064066307,0.32612374541047334,0.07476287073903269
yawboost_seed0,scripts/outputs/mjlab_qs/policy_extraction/rerun_g1_bc_expert_uniform_yawboost_mlp50k_20260528/velocity_flat_unitree_g1/mlp_ref/mlp/offline/bc50k_expert_uniform_yawboost_policy0k/seed_0/final_policy_extraction.pt,expert_noisy,"[0.35,0.525)",76,0.0024919927512344563,0.04944374686793277,0.3294248580932617,0.3260150708650288,0.08320167190150211
yawboost_seed0,scripts/outputs/mjlab_qs/policy_extraction/rerun_g1_bc_expert_uniform_yawboost_mlp50k_20260528/velocity_flat_unitree_g1/mlp_ref/mlp/offline/bc50k_expert_uniform_yawboost_policy0k/seed_0/final_policy_extraction.pt,expert_noisy,"[0.525,inf)",92,0.002455471002537271,0.049065045688463295,0.3415055274963379,0.3393628908240277,0.09179853356402853
yawboost_seed1,scripts/outputs/mjlab_qs/policy_extraction/rerun_g1_bc_expert_uniform_yawboost_mlp50k_20260528/velocity_flat_unitree_g1/mlp_ref/mlp/offline/bc50k_expert_uniform_yawboost_policy0k/seed_1/final_policy_extraction.pt,expert,"[0,0.175)",479,1.0876311730527336e-05,0.003124580844956798,0.3025883473533678,0.3024184639120401,0.0036408105449039405
yawboost_seed1,scripts/outputs/mjlab_qs/policy_extraction/rerun_g1_bc_expert_uniform_yawboost_mlp50k_20260528/velocity_flat_unitree_g1/mlp_ref/mlp/offline/bc50k_expert_uniform_yawboost_policy0k/seed_1/final_policy_extraction.pt,expert,"[0.175,0.35)",365,1.7328654042738555e-05,0.0037519449852917294,0.33772313496837875,0.33743050196399427,0.012029421329498292
yawboost_seed1,scripts/outputs/mjlab_qs/policy_extraction/rerun_g1_bc_expert_uniform_yawboost_mlp50k_20260528/velocity_flat_unitree_g1/mlp_ref/mlp/offline/bc50k_expert_uniform_yawboost_policy0k/seed_1/final_policy_extraction.pt,expert,"[0.35,0.525)",341,2.5140280071290927e-05,0.004146391695195978,0.3458258245697469,0.3453873301531213,0.02063605739923516
yawboost_seed1,scripts/outputs/mjlab_qs/policy_extraction/rerun_g1_bc_expert_uniform_yawboost_mlp50k_20260528/velocity_flat_unitree_g1/mlp_ref/mlp/offline/bc50k_expert_uniform_yawboost_policy0k/seed_1/final_policy_extraction.pt,expert,"[0.525,inf)",441,6.623449128188716e-05,0.005510445675747194,0.3487458348003915,0.34813323637255195,0.0395740955865302
yawboost_seed1,scripts/outputs/mjlab_qs/policy_extraction/rerun_g1_bc_expert_uniform_yawboost_mlp50k_20260528/velocity_flat_unitree_g1/mlp_ref/mlp/offline/bc50k_expert_uniform_yawboost_policy0k/seed_1/final_policy_extraction.pt,expert_noisy,"[0,0.175)",129,0.0024912934894709624,0.04948357278986495,0.3115612887596899,0.30802550796390504,0.06987823072329973
yawboost_seed1,scripts/outputs/mjlab_qs/policy_extraction/rerun_g1_bc_expert_uniform_yawboost_mlp50k_20260528/velocity_flat_unitree_g1/mlp_ref/mlp/offline/bc50k_expert_uniform_yawboost_policy0k/seed_1/final_policy_extraction.pt,expert_noisy,"[0.175,0.35)",77,0.0025080554671101755,0.04963565182376217,0.32964907064066307,0.32642760834136564,0.07476287073903269
yawboost_seed1,scripts/outputs/mjlab_qs/policy_extraction/rerun_g1_bc_expert_uniform_yawboost_mlp50k_20260528/velocity_flat_unitree_g1/mlp_ref/mlp/offline/bc50k_expert_uniform_yawboost_policy0k/seed_1/final_policy_extraction.pt,expert_noisy,"[0.35,0.525)",76,0.002490652234930741,0.04942604115134791,0.3294248580932617,0.3264159403349224,0.08320167190150211
yawboost_seed1,scripts/outputs/mjlab_qs/policy_extraction/rerun_g1_bc_expert_uniform_yawboost_mlp50k_20260528/velocity_flat_unitree_g1/mlp_ref/mlp/offline/bc50k_expert_uniform_yawboost_policy0k/seed_1/final_policy_extraction.pt,expert_noisy,"[0.525,inf)",92,0.002445799339076747,0.04896143208379331,0.3415055274963379,0.33959971303525177,0.09179853356402853
yawboost_seed2,scripts/outputs/mjlab_qs/policy_extraction/rerun_g1_bc_expert_uniform_yawboost_mlp50k_20260528/velocity_flat_unitree_g1/mlp_ref/mlp/offline/bc50k_expert_uniform_yawboost_policy0k/seed_2/final_policy_extraction.pt,expert,"[0,0.175)",479,1.2220192281626522e-05,0.0033312337103616717,0.3025883473533678,0.3024768032957965,0.0036408105449039405
yawboost_seed2,scripts/outputs/mjlab_qs/policy_extraction/rerun_g1_bc_expert_uniform_yawboost_mlp50k_20260528/velocity_flat_unitree_g1/mlp_ref/mlp/offline/bc50k_expert_uniform_yawboost_policy0k/seed_2/final_policy_extraction.pt,expert,"[0.175,0.35)",365,1.8745512870612415e-05,0.0039537171386692625,0.33772313496837875,0.33761714125332765,0.012029421329498292
yawboost_seed2,scripts/outputs/mjlab_qs/policy_extraction/rerun_g1_bc_expert_uniform_yawboost_mlp50k_20260528/velocity_flat_unitree_g1/mlp_ref/mlp/offline/bc50k_expert_uniform_yawboost_policy0k/seed_2/final_policy_extraction.pt,expert,"[0.35,0.525)",341,2.6741739593943323e-05,0.004338894618396536,0.3458258245697469,0.3455479753332054,0.02063605739923516
yawboost_seed2,scripts/outputs/mjlab_qs/policy_extraction/rerun_g1_bc_expert_uniform_yawboost_mlp50k_20260528/velocity_flat_unitree_g1/mlp_ref/mlp/offline/bc50k_expert_uniform_yawboost_policy0k/seed_2/final_policy_extraction.pt,expert,"[0.525,inf)",441,6.669197525077261e-05,0.005536708330351209,0.3487458348003915,0.3483477179425644,0.0395740955865302
yawboost_seed2,scripts/outputs/mjlab_qs/policy_extraction/rerun_g1_bc_expert_uniform_yawboost_mlp50k_20260528/velocity_flat_unitree_g1/mlp_ref/mlp/offline/bc50k_expert_uniform_yawboost_policy0k/seed_2/final_policy_extraction.pt,expert_noisy,"[0,0.175)",129,0.0024879500847454217,0.04944626120633857,0.3115612887596899,0.30794835645099017,0.06987823072329973
yawboost_seed2,scripts/outputs/mjlab_qs/policy_extraction/rerun_g1_bc_expert_uniform_yawboost_mlp50k_20260528/velocity_flat_unitree_g1/mlp_ref/mlp/offline/bc50k_expert_uniform_yawboost_policy0k/seed_2/final_policy_extraction.pt,expert_noisy,"[0.175,0.35)",77,0.002508449670556304,0.049644606454031806,0.32964907064066307,0.3266704608867695,0.07476287073903269
yawboost_seed2,scripts/outputs/mjlab_qs/policy_extraction/rerun_g1_bc_expert_uniform_yawboost_mlp50k_20260528/velocity_flat_unitree_g1/mlp_ref/mlp/offline/bc50k_expert_uniform_yawboost_policy0k/seed_2/final_policy_extraction.pt,expert_noisy,"[0.35,0.525)",76,0.0024902671575546265,0.049414766462225666,0.3294248580932617,0.32680559158325195,0.08320167190150211
yawboost_seed2,scripts/outputs/mjlab_qs/policy_extraction/rerun_g1_bc_expert_uniform_yawboost_mlp50k_20260528/velocity_flat_unitree_g1/mlp_ref/mlp/offline/bc50k_expert_uniform_yawboost_policy0k/seed_2/final_policy_extraction.pt,expert_noisy,"[0.525,inf)",92,0.0024490222010923467,0.048993587493896484,0.3415055274963379,0.3398554014123004,0.09179853356402853
